id,code_prefix_start,name
pcg_0,0,Système Comptable et Financier Algérien
pcg_1,1,CLASSE 1 : COMPTES DE CAPITAUX
pcg_10,10,"Capital, réserves et assimilés"
pcg_101,101,"Capital émis ou capital social ou fonds de dotation, ou fonds d’exploitation"
pcg_1011,1011,Capital social
pcg_1012,1012,Fonds de dotation
pcg_1013,1013,Fonds d'exploitation
pcg_1018,1018,Autres fonds propres
pcg_103,103,Primes liées au capital social
pcg_1031,1031,Prime d’émission
pcg_1032,1032,Prime de fusion
pcg_1033,1033,Prime d’apports
pcg_1034,1034,Prime de conversion d’obligations en actions
pcg_1035,1035,Bons de souscription d’actions (BSA)
pcg_104,104,Ecart d’évaluation
pcg_105,105,Ecart de réévaluation
pcg_1051,1051,Ecart de réévaluation sur immobilisations corporelles
pcg_1059,1059,Ecart de réévaluation rapporté au résultat de l’exercice
pcg_106,106,"Réserves (légale, statutaire, ordinaire, réglementée)"
pcg_1061,1061,Réserve légale
pcg_1062,1062,Réserves réglementées
pcg_1063,1063,Réserves statutaires ou contractuelles
pcg_1064,1064,Réserves ordinaires
pcg_1065,1065,Réserves Spéciales consécutive à l’octroi d’avantages
pcg_1066,1066,Réserves facultatives
pcg_1068,1068,Autres réserves
pcg_107,107,Ecart d'équivalence
pcg_108,108,Compte de l'exploitant
pcg_109,109,Actionnaires : Capital souscrit non appelé
pcg_11,11,Report à nouveau
pcg_110,110,Report à nouveau (bénéfice)
pcg_115,115,Impact résultant du changement de la réglementation et des méthodes
pcg_1151,1151,Impact d'ajustement positif (plus value)
pcg_1159,1159,Impact d'ajustement négatif (moins value)
pcg_117,117,Impact résultant des corrections d’estimation et d’erreurs comptables
pcg_1171,1171,Impact d'assainissement comptable et financier : positif
pcg_1175,1175,Ajustement résultant de correction d'estimation
pcg_1176,1176,Ajustement résultant de correction d'erreurs comptables
pcg_1179,1179,Impact d'assainissement comptable et financier : négatif
pcg_118,118,Acompte sur dividendes
pcg_119,119,Report à nouveau (Déficit)
pcg_12,12,Résultat de l'exercice
pcg_120,120,Résultat net de l’exercice – (BENEFICE)
pcg_121,121,Marge commerciale
pcg_122,122,Production de l’exercice
pcg_123,123,Valeur Ajoutée d’exploitation
pcg_124,124,Excédent (ou insuffisance) brut d’exploitation (EBE) – EBITDA
pcg_125,125,Résultat opérationnel
pcg_126,126,Résultat ordinaire avant impôts
pcg_127,127,Résultat extraordinaire
pcg_128,128,Résultat brut de l’exercice
pcg_129,129,Résultat net de l’exercice – (DEFICIT)
pcg_13,13,Produits et charges différés – hors cycle d’exploitation
pcg_131,131,Subventions d’équipement
pcg_1311,1311,Subventions d’équipements : Financement de l'Etat
pcg_1312,1312,Subventions d’équipements : Financement d'autres organismes
pcg_1313,1313,Transfert gratuit d’immobilisations
pcg_1319,1319,Subventions inscrites au compte de résultat
pcg_132,132,Autres subventions d’investissement
pcg_1321,1321,Subventions d’investissement
pcg_1322,1322,Subventions pour financement d'activités à long terme
pcg_1329,1329,Autres subventions inscrites au compte de résultat
pcg_133,133,Impôts différés actif
pcg_134,134,Impôts différés passif
pcg_138,138,Autres produits et charges différés
pcg_1386,1386,Charges différées – Passif non courant
pcg_1387,1387,Produits différés – Passif non courant
pcg_15,15,Provisions pour charges - passifs non courants
pcg_153,153,Provisions pour pensions et obligations similaires
pcg_1531,1531,Provisions pour avantages au personnel (IDR – IFC)
pcg_155,155,Provisions pour impôts
pcg_1551,1551,Provision pour rappel d'impôts et amendes fiscales
pcg_156,156,Provisions pour renouvellement des immobilisations (concession)
pcg_158,158,Autres provisions pour charges - passifs non courants
pcg_1581,1581,Provisions pour remise en l’état ou de démantèlement
pcg_1582,1582,Provision pour perte à terminaison (contrats déficitaires)
pcg_1583,1583,Provision pour procès et litiges (au-delà de 12 mois)
pcg_1584,1584,Provision pour garantie données aux clients (au-delà de 12 mois)
pcg_1588,1588,Autres provisions résultant d’obligation légale ou implicite
pcg_16,16,Emprunts et dettes assimilés
pcg_161,161,Titres participatifs
pcg_1611,1611,Emprunt Principal
pcg_1618,1618,Intérêts courus et non échus
pcg_162,162,Emprunts obligataires convertibles
pcg_1621,1621,Emprunt Principal
pcg_1628,1628,Intérêts courus et non échus
pcg_163,163,Autres emprunts obligataires
pcg_1631,1631,Emprunt Principal
pcg_1638,1638,Intérêts courus et non échus
pcg_164,164,Emprunts auprès des établissements de crédit
pcg_1641,1641,Emprunts à Court Terme
pcg_1642,1642,Emprunts à Moyen  Terme
pcg_1643,1643,Emprunts à Long Terme
pcg_1646,1646,Intérêts intercalaires
pcg_1648,1648,Intérêts courus et non échus
pcg_165,165,Dépôts et cautionnements reçus
pcg_1651,1651,Dépôts reçus
pcg_1655,1655,Cautionnements reçus
pcg_1658,1658,Intérêts courus et non échus
pcg_167,167,Dettes sur contrat de location-financement
pcg_1671,1671,Financement Principal
pcg_1678,1678,Intérêts courus et non échus
pcg_168,168,Autres emprunts et dettes assimilés
pcg_1681,1681,Emprunt Principal
pcg_1688,1688,Intérêts courus et non échus
pcg_169,169,Primes de remboursement des obligations
pcg_17,17,Dettes rattachées à des participations
pcg_171,171,Dettes rattachées à des participations groupe
pcg_172,172,Dettes rattachés à des participations hors groupe
pcg_173,173,Dettes rattachés à des sociétés en participation
pcg_178,178,Autres dettes rattachés à des participations
pcg_18,18,Comptes de liaison des établissements et sociétés en participation
pcg_181,181,Comptes de liaison entre établissements
pcg_1814,1814,Créances sur la participation ou GIE
pcg_18141,18141,Créances commerciales
pcg_1815,1815,Dettes envers la participation ou GIE
pcg_18151,18151,Dettes commerciales
pcg_1816,1816,Charges inter-Unités (ou établissement)
pcg_1817,1817,Produis inter-Unités (ou établissement)
pcg_188,188,Comptes de liaison entre sociétés en participation
pcg_2,2,CLASSE 2 : COMPTES D’IMMOBILISATIONS
pcg_20,20,Immobilisations incorporelles
pcg_203,203,Frais de développement immobilisables
pcg_204,204,Logiciels informatiques et assimilés
pcg_2041,2041,Logiciels de traitements informatiques
pcg_2042,2042,Hébergement site Web
pcg_205,205,"Concessions et droits similaires, brevets, licences, marques"
pcg_2051,2051,Droit à la propriété industrielle et commerciale
pcg_2058,2058,Autres droits similaires (concession et franchise)
pcg_207,207,Ecart d’acquisition – « goodwill »
pcg_2071,2071,Ecart d'acquisition positif (goodwill)
pcg_2072,2072,Autres écarts d’acquisitions ou de fusions
pcg_2079,2079,Ecart d'acquisition négatif (badwill)
pcg_208,208,Autres immobilisations incorporelles
pcg_2081,2081,Fonds de commerce
pcg_2082,2082,Droit au bail
pcg_2087,2087,Actif environnemental
pcg_21,21,Immobilisations corporelles
pcg_211,211,Terrains
pcg_2111,2111,Terrains nus
pcg_2112,2112,Terrains bâtis
pcg_2113,2113,Terrains aménagés
pcg_2114,2114,Terrains de gisement (carrières)
pcg_212,212,Agencements et aménagements des terrains
pcg_2121,2121,Aménagement d’espaces verts
pcg_2122,2122,Autres agencements et aménagements de terrains
pcg_213,213,Constructions
pcg_2131,2131,Bâtiments administratifs & commerciaux
pcg_2132,2132,Bâtiments industriels (à décomposer en cas de besoin)
pcg_2133,2133,Bâtiments sociaux (CMS – CANTINE – REFECTOIRE)
pcg_2134,2134,Immeubles de placement
pcg_2135,2135,Autres constructions
pcg_2136,2136,"Agencements, aménagements et installations des bâtiments"
pcg_2137,2137,Ouvrages d’infrastructures : Voies de transport ou d'accès
pcg_2138,2138,Autres travaux d'aménagement sur ouvrages d’infrastructures
pcg_215,215,"Installations techniques, matériel et outillage industriels"
pcg_2151,2151,Installations complexes spécialisées
pcg_2153,2153,Installations à caractère spécifique
pcg_2154,2154,Matériel industriel
pcg_2155,2155,Outillage industriel
pcg_2157,2157,Agencements et aménagements du matériel et outillage industriel
pcg_2158,2158,Autres matériels et outillage industriel
pcg_218,218,Autres immobilisations corporelles
pcg_2181,2181,"Installations générales, agencements et aménagements divers"
pcg_2182,2182,Matériel de transport
pcg_2183,2183,Matériel de bureautique et d'informatique
pcg_2184,2184,Mobilier
pcg_2185,2185,Autres mobiliers et matériels divers
pcg_2186,2186,Actifs biologiques
pcg_2187,2187,Emballages récupérables
pcg_22,22,Immobilisations en concession
pcg_221,221,Terrains en concession
pcg_222,222,Agencements et aménagements de terrain en concession
pcg_223,223,Constructions en concession
pcg_225,225,Installations techniques en concession
pcg_228,228,Autres immobilisations corporelles en concession
pcg_229,229,Droits du concédant
pcg_23,23,Immobilisations en cours
pcg_232,232,Immobilisations corporelles en cours
pcg_2322,2322,Terrains en cours
pcg_2323,2323,Constructions en cours
pcg_2325,2325,"Installations techniques, matériels et outillage industriels en cours"
pcg_2328,2328,Autres immobilisations corporelles en cours
pcg_237,237,Immobilisations incorporelles en cours
pcg_238,238,Avances et acomptes versés sur commandes d'immobilisations
pcg_2382,2382,Avances sur commandes d’immobilisations incorporelles
pcg_2384,2384,Avances sur commandes d’immobilisations corporelles
pcg_26,26,Participations et créances rattachées à des participations
pcg_261,261,Titres de filiales
pcg_262,262,Autres titres de participation
pcg_265,265,Titres de participation évalués par équivalence (entreprises associés)
pcg_266,266,Créances rattachées à des participations groupe
pcg_267,267,Créances rattachés à des participations hors groupe
pcg_268,268,Créances rattachés à des sociétés en participation
pcg_269,269,Versements restant à effectuer sur titres de participation non libérés
pcg_27,27,Autres immobilisations financières
pcg_271,271,Titres immobilisés autres que les titres immobilisés de l'activité de portefeuille
pcg_272,272,"Titres représentatifs de droit de créance (obligations, bons)"
pcg_2721,2721,Obligations à terme
pcg_2722,2722,Bons du Trésor
pcg_2723,2723,Dépôts à terme (DAT > 12 mois)
pcg_273,273,Titres immobilisés de l'activité de portefeuille – (T.I.A.P)
pcg_274,274,Prêts et créances sur contrat de location-financement
pcg_2741,2741,Prêts participatifs
pcg_2742,2742,Prêts au personnel
pcg_2743,2743,Autres prêts accordés
pcg_2744,2744,Créances sur contrat de location-financement
pcg_2748,2748,Intérêts courus sur prêts et créances de crédit bail
pcg_275,275,Dépôts et cautionnements versés
pcg_2751,2751,Dépôts versés
pcg_2752,2752,Cautionnements versés aux fonds de garantie
pcg_2753,2753,Cautions de soumissions
pcg_2754,2754,Cautions de bonne exécution ou de bonne fin
pcg_2755,2755,Cautionnements versés sur loyers (Loyers d'avance)
pcg_2756,2756,"Cautionnements versés sur Téléphone, Eau, Gaz et électricité"
pcg_2757,2757,Cautionnements versés à la SONELGAZ
pcg_2758,2758,Autres cautionnements versés
pcg_276,276,Autres créances immobilisées
pcg_2761,2761,Créances diverses – Actifs non courants
pcg_2768,2768,Intérêts courus et non échus sur actifs non courants
pcg_279,279,Versements restant à effectuer sur titres immobilisés non libérés
pcg_28,28,Amortissements des immobilisations
pcg_280,280,Amortissements des immobilisations incorporelles
pcg_2803,2803,Amortissements des frais de développement immobilisables
pcg_2804,2804,Amortissements des logiciels informatiques et assimilés
pcg_2805,2805,"Amortissements concessions & droits similaires, brevets, licences, marques"
pcg_2808,2808,Amortissements des autres immobilisations incorporelles
pcg_281,281,Amortissements des immobilisations corporelles
pcg_2811,2811,Amortissements des terrains de gisement (carrières …)
pcg_2812,2812,Amortissements des agencements et aménagements de terrains
pcg_2813,2813,Amortissements des constructions
pcg_2815,2815,"Amortissements des Installations techniques, matériels outillage industriels"
pcg_2818,2818,Amortissements des autres immobilisations corporelles
pcg_282,282,Amortissements des immobilisations mises en concession
pcg_2821,2821,Amortissement : Terrains en concession
pcg_2822,2822,Amortissement : Agencements et aménagements de terrains
pcg_2823,2823,Amortissement : Constructions en concession
pcg_2825,2825,Amortissement : Installations techniques en concession
pcg_2828,2828,Amortissement : Autres immobilisations corporelles en concession
pcg_29,29,Pertes de valeur sur immobilisations
pcg_290,290,Pertes de valeur sur immobilisations incorporelles
pcg_2903,2903,Pertes de valeur sur frais de développement immobilisables
pcg_2904,2904,Pertes de valeur sur logiciels informatiques et assimilés
pcg_2905,2905,"Pertes de valeur sur concessions & droits similaires, brevets, licences, marques"
pcg_2907,2907,Pertes de valeur sur écart d’acquisition (Goodwill)
pcg_2908,2908,Pertes de valeur sur autres immobilisations incorporelles
pcg_291,291,Pertes de valeur sur immobilisations corporelles
pcg_2911,2911,Perte de valeur des terrains (autres que les terrains de gisement)
pcg_2912,2912,Pertes de valeur sur agencements et aménagements de terrain
pcg_2913,2913,Pertes de valeur sur constructions
pcg_2914,2914,Pertes de valeur sur immeubles de placement (Juste valeur)
pcg_2915,2915,"Pertes de valeur sur Installations techniques, matériel et outillage industriel"
pcg_2916,2916,Pertes de valeur sur actifs biologiques (Juste valeur)
pcg_2918,2918,Pertes de valeur sur autres immobilisations corporelles
pcg_292,292,Pertes de valeur sur immobilisations mises en concession
pcg_293,293,Pertes de valeur sur immobilisations en cours
pcg_2931,2931,Pertes de valeurs sur immobilisations incorporelles en cours
pcg_2932,2932,Pertes de valeurs sur immobilisations corporelles en cours
pcg_294,294,Pertes de valeurs sur les Unités Génératrices de Trésorerie
pcg_2941,2941,Pertes de valeur sur U.G.T  (1)
pcg_2942,2942,Pertes de valeur sur U.G.T  (2)
pcg_296,296,Pertes de valeur sur participations et créances rattachées à participations
pcg_2961,2961,Pertes de valeur sur titres de filiales
pcg_2962,2962,Pertes de valeur sur autres titres de participation
pcg_2966,2966,Pertes de valeur sur créances rattachées à des participations – groupe
pcg_2967,2967,Pertes de valeur sur créances rattachées à des participations – HG
pcg_2968,2968,Pertes de valeur sur créances rattachées à des SEP
pcg_297,297,Pertes de valeur sur autres titres immobilisés
pcg_2971,2971,Pertes de valeur sur titres de placement
pcg_2972,2972,Pertes de valeurs sur les TIAP
pcg_298,298,Pertes de valeur sur autres actifs financiers immobilisés
pcg_2981,2981,Pertes de valeur sur les titres participatifs
pcg_2982,2982,Pertes de valeur sur les prêts ordinaires
pcg_2983,2983,Pertes de valeur sur les dépôts et cautionnements versés
pcg_2988,2988,Pertes de valeur sur autres actifs financiers immobilisés
pcg_3,3,CLASSE 3 : COMPTES DE STOCKS ET EN COURS
pcg_30,30,Stocks de marchandises
pcg_301,301,Marchandises (ou groupe) A
pcg_302,302,Marchandises (ou groupe) B
pcg_31,31,Matières premières et fournitures
pcg_311,311,Matières premières
pcg_3111,3111,Matières (ou groupe) A
pcg_3112,3112,Matières (ou groupe) B
pcg_3118,3118,Autres matières premières
pcg_317,317,Fournitures Accessoires
pcg_3171,3171,Fournitures A
pcg_3172,3172,Fournitures B
pcg_3178,3178,Autres fournitures accessoires
pcg_32,32,Autres approvisionnements
pcg_321,321,Matières consommables
pcg_3211,3211,Matières (ou groupe) C
pcg_3212,3212,Matières (ou groupe) D
pcg_3218,3218,Autres matières consommables
pcg_322,322,Fournitures consommables
pcg_3221,3221,Carburant et lubrifiant – Véhicules
pcg_3222,3222,Petit outillage et fournitures d'ateliers
pcg_3223,3223,Droguerie et Produits d'entretien
pcg_3224,3224,Pièces de rechange pour équipements & matériels techniques
pcg_3225,3225,Pièces de rechange et pneumatique pour matériel de transport
pcg_3226,3226,Quincaillerie générale et fournitures de magasin
pcg_3227,3227,Fournitures de bureau et imprimés
pcg_3228,3228,Autres fournitures consommables
pcg_326,326,Emballages (non récupérables)
pcg_3261,3261,Emballages perdus
pcg_3262,3262,Emballages récupérables non identifiables
pcg_3263,3263,Emballages à usage mixte
pcg_33,33,En cours de production de biens
pcg_331,331,Produits en cours
pcg_3311,3311,Produits en cours – P1
pcg_3312,3312,Produits en cours – P2
pcg_3313,3313,Produits en cours – P3
pcg_335,335,Travaux en cours
pcg_3351,3351,Travaux en cours – T1
pcg_3352,3352,Travaux en cours – T2
pcg_3353,3353,Travaux en cours – T3
pcg_34,34,En cours de production de services
pcg_341,341,Etudes en cours
pcg_3411,3411,Etudes en cours – E1
pcg_3412,3412,Etudes en cours – E2
pcg_3413,3413,Etudes en cours – E3
pcg_345,345,Prestations de services en cours
pcg_3451,3451,Prestations de services en cours – S1
pcg_3452,3452,Prestations de services en cours – S2
pcg_3453,3453,Prestations de services en cours – S3
pcg_35,35,Stocks de produits
pcg_351,351,Produits intermédiaires
pcg_3511,3511,Produits intermédiaires (ou groupe) – PI 1
pcg_3512,3512,Produits intermédiaires (ou groupe) – PI 2
pcg_355,355,Produits finis
pcg_3551,3551,Produits finis (ou groupe) – PF 1
pcg_3552,3552,Produits finis (ou groupe) – PF 2
pcg_3553,3553,Produits finis (ou groupe) – PF 3
pcg_358,358,"Produits résiduels ou matières de récupération (déchets, rebuts)"
pcg_3581,3581,Produits résiduels
pcg_3582,3582,Matières de récupération (à recycler)
pcg_3583,3583,Déchets et rebuts divers destinés à être cédés ou détruits
pcg_36,36,Stocks provenant d’immobilisations
pcg_361,361,Lot de bord et pièces d’accompagnement
pcg_362,362,Organes et accessoires démantelés
pcg_365,365,Pièces de rechanges récupérées sur matériels
pcg_368,368,Actifs non courants destinés à être cédés (réformes)
pcg_37,37,"Stocks à l'extérieur (en cours de route, en dépôt ou en consignation)"
pcg_371,371,Matières premières en cours de réception
pcg_37178,37178,Achats d'autres fournitures accessoires
pcg_372,372,Autres approvisionnements à réceptionner
pcg_373,373,Stocks en dépôt ou en consignation
pcg_374,374,Stocks sous douanes
pcg_38,38,Achats stockés
pcg_380,380,Achats de Marchandises stockées
pcg_3801,3801,Achats de Marchandises (ou groupe) A
pcg_3802,3802,Achats de Marchandises (ou groupe) B
pcg_381,381,Achats de Matières premières et fournitures stockées
pcg_3811,3811,Achats de Matières premières
pcg_38111,38111,Matières (ou groupe) A
pcg_38112,38112,Matières (ou groupe) B
pcg_38118,38118,Autres matières premières
pcg_3817,3817,Achats de Fournitures Accessoires
pcg_38171,38171,Achats de Fournitures A
pcg_38172,38172,Achats de Fournitures B
pcg_382,382,Autres approvisionnements stockés
pcg_3821,3821,Achat de Matières consommables stockées
pcg_3822,3822,Achat de Fournitures consommables stockées
pcg_3826,3826,Achat d'Emballages non récupérables
pcg_3827,3827,Achat de Fournitures consommables non stockées
pcg_383,383,Frais Accessoires sur Achats (indirects) – incorporables
pcg_3830,3830,Frais Accessoires sur Achats de marchandises
pcg_3831,3831,Frais Accessoires sur Achats de matières premières et fournitures
pcg_3832,3832,Frais Accessoires sur Achats d'autres approvisionnements
pcg_384,384,Achats sans paiements
pcg_3841,3841,Achats locaux
pcg_3842,3842,Achats à l'importation
pcg_39,39,Pertes de valeur sur stocks et en cours
pcg_390,390,Pertes de valeur sur Stocks de marchandises
pcg_391,391,Pertes de valeur sur Matières premières et fournitures
pcg_392,392,Pertes de valeur sur Autres approvisionnements
pcg_393,393,Pertes de valeur sur En cours de production de biens
pcg_394,394,Pertes de valeur sur En cours de production de services
pcg_395,395,Pertes de valeur sur stocks de produits
pcg_397,397,Pertes de valeur sur Stocks à l'extérieur
pcg_4,4,CLASSE 4 : COMPTES DE TIERS
pcg_40,40,Fournisseurs et comptes rattachés
pcg_400,400,Fournisseurs et comptes rattachés
pcg_401,401,Fournisseurs de biens et services
pcg_4013,4013,Fournisseurs de stocks
pcg_40131,40131,Fournisseurs de stocks : Nationaux – Publics
pcg_40132,40132,Fournisseurs de stocks : Nationaux – Privés
pcg_40133,40133,Fournisseurs de stocks : Etrangers
pcg_4016,4016,Fournisseurs de services
pcg_40161,40161,Fournisseurs de services : Nationaux – Publics
pcg_40162,40162,Fournisseurs de services : Nationaux – Privés
pcg_40163,40163,Fournisseurs de services : Etrangers
pcg_4017,4017,Fournisseurs : Retenue de garantie sur stocks & services
pcg_40171,40171,Fournisseurs : Retenues de garantie – Publics
pcg_40172,40172,Fournisseurs : Retenues de garantie – Privés
pcg_40173,40173,Fournisseurs : Retenues de garantie – Etrangers
pcg_403,403,Fournisseurs : Effets à payer
pcg_4031,4031,Effets à payer aux fournisseurs de stocks
pcg_4032,4032,Effets à payer aux fournisseurs de services
pcg_404,404,Fournisseurs d'immobilisations
pcg_4041,4041,Fournisseurs d'immobilisations : Nationaux – Publics
pcg_4042,4042,Fournisseurs d'immobilisations : Nationaux – Privés
pcg_4043,4043,Fournisseurs d'immobilisations : Etrangers
pcg_4047,4047,Fournisseurs d'immobilisations : Retenues de garantie
pcg_405,405,Fournisseurs d'immobilisations : Effets à payer
pcg_408,408,Fournisseurs factures non parvenues
pcg_4081,4081,Fournisseurs de stocks nationaux : Factures non parvenues
pcg_4082,4082,Fournisseurs de services – factures non parvenues
pcg_4083,4083,Factures à recevoir des Fournisseurs d’immobilisations
pcg_4086,4086,"Factures à recevoir des Consultants, CAC et Experts"
pcg_4088,4088,Fournisseurs : Intérêts courus à payer
pcg_4091,4091,Fournisseurs : Avances et acomptes sur commandes
pcg_4094,4094,"Autres avances et acomptes (Consultants, CAC et Experts)"
pcg_4096,4096,Fournisseurs : Créances pour emballages et matériels à rendre
pcg_4097,4097,Fournisseurs à soldes débiteurs (à détailler par code Tiers)
pcg_4098,4098,R.R.R à obtenir
pcg_41,41,Clients et comptes rattachés
pcg_410,410,Clients et comptes rattachés
pcg_411,411,Clients
pcg_4111,4111,Clients : Ventes de biens et services
pcg_4114,4114,Clients : Autres créances diverses
pcg_4117,4117,Clients : Retenues de garantie
pcg_413,413,Clients : effets à recevoir
pcg_416,416,Clients douteux (ou litigieux)
pcg_4161,4161,Clients douteux : secteur public
pcg_4162,4162,Clients douteux : secteur privé
pcg_417,417,Créances sur travaux ou prestations en cours
pcg_4171,4171,Créances sur travaux en cours (à l'avancement)
pcg_4172,4172,Créances sur prestations en cours (à l'avancement)
pcg_418,418,Clients - produits (finis) non encore facturés
pcg_4181,4181,Clients : Factures à établir – Secteur Public
pcg_4182,4182,Clients : Factures à établir – Secteur Privé
pcg_4188,4188,Clients : intérêts moratoires à facturer
pcg_419,419,Clients créditeurs – RRR à accorder et autres avoirs à établir
pcg_4191,4191,Avances et acomptes perçus sur commandes
pcg_4196,4196,Clients : dettes pour emballages et matériels consignés
pcg_4197,4197,Clients à solde créditeur (à détailler par code Tiers)
pcg_4198,4198,R.R.R. à accorder
pcg_42,42,Personnel et comptes rattachés
pcg_421,421,Personnel : Rémunérations dues
pcg_4211,4211,Salaires et appointements à payer
pcg_4212,4212,Présalaires à payer
pcg_4213,4213,Soldes de tout compte restant dus
pcg_422,422,Fonds des œuvres sociales
pcg_4221,4221,Contributions annuelles à payer (3%)
pcg_4229,4229,Autres avances pour le compte des œuvres sociales
pcg_423,423,Participation des salariés au résultat
pcg_4231,4231,Quote-part de bénéfice attribuée au personnel
pcg_425,425,Personnel : Avances et acomptes accordés
pcg_4251,4251,Avances sur salaires
pcg_4256,4256,Avances sur frais de mission
pcg_4258,4258,Autres avances exceptionnelles
pcg_426,426,Personnel : Dépôts reçus
pcg_4261,4261,Frais médicaux à rembourser
pcg_4268,4268,Autres dépôts et prestations reçus au profit du personnel
pcg_427,427,Personnel : Oppositions
pcg_4271,4271,Saisie-arrêt et cession de rémunération (sur décision de Justice)
pcg_4272,4272,Retenue sur prêts sociaux
pcg_4273,4273,Retenue pour fonds de solidarité nationale et internationale
pcg_4274,4274,Retenue sur loyers logements du personnel
pcg_4275,4275,Salaires bloqués
pcg_4278,4278,Autres retenues sur salaires
pcg_428,428,Personnel : Charges à payer et produits à recevoir
pcg_4281,4281,Dettes provisionnées pour congés à payer
pcg_4286,4286,Frais de mission à payer
pcg_4288,4288,Personnel : Autres charges à payer
pcg_4289,4289,Personnel : Produits à recevoir
pcg_43,43,Organismes sociaux et comptes rattachés
pcg_431,431,Sécurité sociale
pcg_4311,4311,Retenue sécurité sociale (part des employés)
pcg_4312,4312,Cotisations FNPOS
pcg_4313,4313,CNAS à payer (part employeur)
pcg_4314,4314,Cotisations CASNOS à payer
pcg_432,432,Autres organismes sociaux
pcg_4321,4321,Cotisations Mutuelle à payer
pcg_4322,4322,Cotisations OPREBAT à payer
pcg_4323,4323,Cotisations CACOBATPH à payer
pcg_4326,4326,Assurance groupe (Quote-part employeur) à payer
pcg_4327,4327,Assurance groupe (Quote-part des travailleurs) à payer
pcg_4328,4328,Autres organismes sociaux
pcg_438,438,"Organismes sociaux, charges à payer et produits à recevoir"
pcg_4386,4386,Organismes sociaux : Charges sociales sur congés à payer
pcg_4388,4388,Organismes sociaux : Autres charges à payer
pcg_4389,4389,Organismes sociaux : Produits à recevoir
pcg_44,44,"Etat, collectivités publiques, organismes internationaux et comptes rattachés"
pcg_441,441,"Etat et autres collectivités publiques, subventions à recevoir"
pcg_4411,4411,Subventions d’investissements à recevoir
pcg_4412,4412,Subventions d’exploitation à recevoir
pcg_4413,4413,Subventions d’équilibre à recevoir
pcg_4414,4414,Subventions certification ISO à recevoir
pcg_4418,4418,Autres subventions et aides publiques à recevoir
pcg_4419,4419,Avances sur subventions
pcg_442,442,"Etat, impôts et taxes recouvrables sur des tiers"
pcg_4421,4421,IRG retenu sur salaires (barème)
pcg_4422,4422,IRG – Libératoire sur rappels de salaires et participation
pcg_4423,4423,IRG – Libératoire sur bénéfices distribués
pcg_4424,4424,IRG – Libératoire sur revenus mobiliers
pcg_4425,4425,IRG – Libératoire sur Jetons de présence et tantièmes
pcg_4426,4426,IRG – Libératoire retenu à la source aux consultants
pcg_4428,4428,Autres impôts retenus à la source
pcg_443,443,Opérations particulières avec l'Etat et les collectivités publiques
pcg_4431,4431,Créances sur l'Etat – Indemnisations
pcg_4432,4432,Avance pour compte ANEM – Emplois aidés (Quote part de l'Etat)
pcg_4438,4438,Créances ou dettes résultant du changement de la réglementation fiscale
pcg_444,444,"Etat, impôts sur les résultats"
pcg_4441,4441,Acomptes provisionnels sur I.B.S
pcg_4449,4449,Impôts sur les bénéfices – I.B.S à payer
pcg_445,445,"Etat, taxes sur le chiffre d'affaires"
pcg_4455,4455,TVA à décaisser
pcg_44551,44551,TVA à décaisser (à payer sur G.50)
pcg_44552,44552,Obligations cautionnées (au profit des Douanes)
pcg_4456,4456,TVA récupérable & précompte
pcg_44562,44562,TVA récupérable sur immobilisations
pcg_44563,44563,TVA transférée par d'autres entreprises
pcg_44566,44566,TVA récupérable sur achats de stocks et de services
pcg_44568,44568,Crédit de TVA à reporter (Précompte)
pcg_4457,4457,TVA collectée
pcg_44571,44571,TVA collectée sur Ventes – (livraisons juridiques ou matérielles)
pcg_44572,44572,TVA collectée sur les encaissements
pcg_44575,44575,Droits de timbre perçus au profit du Trésor
pcg_4458,4458,TVA à régulariser
pcg_44583,44583,Remboursement de TVA demandé
pcg_44584,44584,TVA récupérée d’avance ou en attente de régularisation
pcg_44586,44586,TVA sur factures d’achats non parvenues
pcg_44587,44587,TVA sur factures de ventes ou de prestations à établir
pcg_446,446,Organismes internationaux
pcg_4461,4461,Fonds de solidarité internationale
pcg_4462,4462,Subventions d’organismes étrangers
pcg_447,447,"Autres impôts, taxes et versements assimilés"
pcg_4471,4471,Taxe sur l’activité professionnelle – TAP  à payer (sur G.50)
pcg_4472,4472,Taxe sur l’apprentissage et la formation professionnelle
pcg_4473,4473,Taxe sur l’environnement – (Écotaxe)
pcg_4474,4474,Droits d’enregistrement à payer
pcg_4475,4475,Taxe foncière à payer
pcg_4476,4476,Taxes spéciales (ou spécifiques) à payer
pcg_4478,4478,"Autres droits, impôts et taxes à payer"
pcg_448,448,"Etat, charges à payer et produits à recevoir (hors impôts)"
pcg_4482,4482,Etat – charges à payer : Charges fiscales sur congés à payer
pcg_4486,4486,Rappels d'impôts à payer (hors IBS)
pcg_4487,4487,Etat – produits à recevoir : Trop versés sur impôts
pcg_4488,4488,Etat – produits à recevoir : Dégrèvement d’impôts
pcg_45,45,Groupe et Associés
pcg_451,451,Opérations Groupe
pcg_4511,4511,Avances de fonds
pcg_4518,4518,Autres opérations
pcg_455,455,Associés – Comptes courants
pcg_4551,4551,Associés – Comptes courants : Principal
pcg_4556,4556,Associés – Comptes courants : Intérêts courus
pcg_456,456,Associés – Opérations sur le capital
pcg_4561,4561,Associés : Comptes d’apport en société
pcg_45611,45611,Associés : Comptes d’apport en société
pcg_45615,45615,Associés : Apports en numéraires
pcg_4562,4562,"Associés : Capital souscrit, appelé et non versé (apports à libérer)"
pcg_4563,4563,Associés : Versements reçus sur augmentation de Capital
pcg_4564,4564,Associés : Versements anticipés
pcg_4566,4566,Actionnaires défaillants
pcg_4567,4567,Associés : Capital à rembourser
pcg_457,457,Associés – Dividendes à payer
pcg_4571,4571,Coupons d’action
pcg_4572,4572,Dividendes mis en paiement
pcg_4577,4577,Tantièmes à payer aux administrateurs et gérants
pcg_458,458,Associés – Opérations faites en commun ou en groupement
pcg_4586,4586,Opérations faites en commun : Charges à payer
pcg_4587,4587,Opérations faites en commun : Produits à recevoir
pcg_4588,4588,Intérêts courus
pcg_46,46,Débiteurs divers et créditeurs divers
pcg_462,462,Créances sur cessions d'immobilisations
pcg_4621,4621,Fonds à recevoir sur cessions d’Actifs réformés
pcg_4622,4622,Débiteurs sur cessions d’immobilisations
pcg_464,464,Dettes sur acquisitions de VMP et instruments financiers dérivés
pcg_465,465,Créances sur cessions de VMP et instruments financiers dérivés
pcg_467,467,Autres comptes débiteurs ou créditeurs
pcg_4671,4671,"Fonds en dépôt chez les officiers ministériels (notaire, commis. priseurs)"
pcg_4672,4672,Avances sur frais divers
pcg_4673,4673,Achats pour compte de tiers
pcg_4674,4674,Autres avances pour compte
pcg_4675,4675,Jetons de présence à payer aux Administrateurs
pcg_4676,4676,Débiteurs divers (à détailler)
pcg_4679,4679,Créditeurs de frais divers (à détailler)
pcg_468,468,Divers charges à payer et produits à recevoir
pcg_4686,4686,Charges à payer
pcg_4687,4687,Produits à recevoir
pcg_47,47,Comptes transitoires ou d'attente
pcg_476,476,Dépenses en attente d’imputation
pcg_477,477,Recettes en attente d’imputation
pcg_478,478,Autres opérations à régulariser
pcg_48,48,Charges ou produits constatés d'avance et provisions
pcg_481,481,Provisions - passifs courants
pcg_4811,4811,Provisions pour procès et litiges (moins de 12 mois)
pcg_4812,4812,Provisions pour garanties données aux clients (moins de 12 mois)
pcg_4815,4815,Provisions pour amendes et pénalités
pcg_4816,4816,Provisions pour pertes de change
pcg_4818,4818,Autres provisions : Passifs courants
pcg_486,486,Charges constatées d'avance
pcg_4861,4861,Loyers payés d’avance (autre que cautionnement)
pcg_4862,4862,Primes d’assurances payées d’avance
pcg_4863,4863,Abonnements payés d’avance
pcg_4866,4866,Charges financières différées
pcg_4868,4868,Autres charges constatées d’avance
pcg_487,487,Produits constatés d'avance
pcg_4871,4871,Loyers perçus d’avance (immeubles de placement)
pcg_4877,4877,Subventions à étaler
pcg_4878,4878,Autres produits constatés d’avance
pcg_49,49,Pertes de valeur sur comptes de tiers
pcg_491,491,Pertes de valeur sur comptes de clients
pcg_4911,4911,Pertes de valeurs sur comptes de clients
pcg_4912,4912,Pertes de valeurs sur retenues de garanties
pcg_495,495,Pertes de valeur sur comptes du groupe et sur associés
pcg_4951,4951,Pertes de valeur sur compte du groupe
pcg_4955,4955,Pertes de valeur sur comptes courants des associés
pcg_4958,4958,Pertes de valeur sur opérations faites en commun (SEP – GIE)
pcg_496,496,Pertes de valeur sur comptes de débiteurs divers
pcg_4962,4962,Pertes de valeur sur créances de cessions d'immobilisations
pcg_4965,4965,Pertes de valeur sur créances de cessions de VMP
pcg_4967,4967,Pertes de valeur sur autres comptes débiteurs
pcg_498,498,Pertes de valeur sur autres comptes de tiers
pcg_5,5,CLASSE 5 : COMPTES FINANCIERS
pcg_50,50,Valeurs mobilières de placement
pcg_501,501,Part dans des entreprises liées
pcg_502,502,Actions propres
pcg_503,503,Autres actions ou titres conférant un droit de propriété
pcg_5031,5031,Actions détenues en vue de la revente
pcg_506,506,"Obligations, bons du trésor et bons de caisse à court terme"
pcg_5061,5061,Obligations à moins de 12 mois
pcg_5062,5062,Bons du Trésor à court terme
pcg_5063,5063,Bons de caisse à court terme
pcg_508,508,Autres valeurs mobilières de placement et créances assimilés
pcg_5081,5081,Autres valeurs mobilières
pcg_5082,5082,Bons de souscription
pcg_5083,5083,Intérêts courus
pcg_5088,5088,Intérêts courus
pcg_509,509,Versements restant à effectuer sur VMP non libérées
pcg_51,51,"Banque, établissements financiers et assimilés"
pcg_511,511,Valeurs à l'encaissement
pcg_5111,5111,Chèques à encaisser
pcg_5112,5112,Traites remises à l’escompte
pcg_5113,5113,Effets à l'encaissement
pcg_5118,5118,Autres valeurs à l’encaissement
pcg_512,512,Banques comptes courants
pcg_5121,5121,Comptes bancaires : Dinars
pcg_5122,5122,Comptes bancaires : Devises
pcg_515,515,Trésor Public et établissements publics
pcg_5151,5151,Caisses du Trésor Public
pcg_5152,5152,Caisses des établissements publics
pcg_517,517,Autres organismes financiers
pcg_5171,5171,Banque postale (C.C.P)
pcg_5172,5172,Sociétés de leasing (crédit-bail)
pcg_5173,5173,Sociétés de factoring (affacturage)
pcg_5176,5176,Société de bourse
pcg_5178,5178,Autres organismes et établissements financiers
pcg_518,518,Intérêts courus
pcg_5186,5186,Intérêts courus à payer  (agios à payer)
pcg_5187,5187,Intérêts courus à recevoir (intérêts des dépôts créditeurs à recevoir)
pcg_519,519,Concours bancaires courants
pcg_5191,5191,Facilité de caisse
pcg_5192,5192,Découvert bancaire
pcg_5193,5193,Autres avances bancaires
pcg_5198,5198,Intérêts courus sur concours bancaires courants
pcg_52,52,Instruments financiers dérivés
pcg_521,521,Instruments financiers dérivés : Actifs
pcg_529,529,Instruments financiers dérivés : Passifs
pcg_53,53,Caisse
pcg_531,531,Caisse siège social
pcg_5311,5311,Caisse principale en Dinars
pcg_5314,5314,Caisse principale en Devises
pcg_532,532,Caisse Auxiliaire
pcg_5321,5321,Caisse auxiliaire : Succursale (ou Unité) A
pcg_5322,5322,Caisse auxiliaire : Succursale (ou Unité) B
pcg_54,54,Régies d'avances et accréditifs
pcg_541,541,Régies d'avances
pcg_542,542,Accréditifs
pcg_58,58,Virements internes
pcg_581,581,Virements de fonds
pcg_5811,5811,Virements interbancaires
pcg_5812,5812,Versements d'espèces en banques
pcg_5813,5813,Alimentation caisses
pcg_588,588,Autres virements internes
pcg_5886,5886,Achats au comptant
pcg_5887,5887,Ventes au comptant
pcg_59,59,Pertes de valeur sur actifs financiers courants
pcg_591,591,Pertes de valeur sur valeurs en banque et Etablissements financiers
pcg_594,594,Pertes de valeurs sur régies d'avances et accréditifs
pcg_6,6,CLASSE 6 : COMPTES DE CHARGES
pcg_60,60,Achats consommés
pcg_600,600,Achats de marchandises vendues
pcg_6001,6001,Matières premières consommées
pcg_6002,6002,Marchandises (ou groupe) B
pcg_601,601,Matières premières & fournitures consommées
pcg_6011,6011,Matières premières consommées
pcg_60111,60111,Matières (ou groupe) A
pcg_60112,60112,Matières (ou groupe) B
pcg_60118,60118,Autres matières premières consommées
pcg_6017,6017,Fournitures accessoires consommées
pcg_60171,60171,Fournitures A
pcg_60172,60172,Fournitures B
pcg_60178,60178,Autres fournitures accessoires consommées
pcg_602,602,Autres approvisionnements consommés
pcg_6021,6021,Matières consommables
pcg_60211,60211,Matières (ou groupe) C
pcg_60212,60212,Matières (ou groupe) D
pcg_60218,60218,Autres matières consommées
pcg_6022,6022,Fournitures consommables
pcg_60221,60221,Carburant et lubrifiant – Véhicules
pcg_60222,60222,Petit outillage et fournitures d'ateliers
pcg_60223,60223,Droguerie et Produits d'entretien
pcg_60224,60224,Pièces de rechange pour équipements et matériels techniques
pcg_60225,60225,Pièces de rechange et pneumatique pour matériel de transport
pcg_60226,60226,Quincaillerie générale et fournitures de magasin
pcg_60228,60228,Autres fournitures consommées
pcg_6026,6026,Emballages consommés
pcg_60261,60261,Emballages perdus consommés
pcg_60262,60262,Emballages récupérables non identifiables consommés
pcg_60263,60263,Emballages à usage mixte consommés
pcg_603,603,Variations des stocks (inventaire intermittent)
pcg_6030,6030,Variations de stocks de marchandises
pcg_6031,6031,Variations de stock de matières premières & Fournitures
pcg_6032,6032,Variations de stock des autres approvisionnements
pcg_604,604,Achats d'études et de prestations de services
pcg_6041,6041,Achats d'études
pcg_6042,6042,Achats de prestations de services
pcg_605,605,"Achats de matériels, équipements et travaux"
pcg_6051,6051,Achats d’immobilisations de faible valeur : Petit matériel & outillage
pcg_6052,6052,Achats d’immobilisations de faible valeur : Mobilier
pcg_6053,6053,Achats d’immobilisations de faible valeur : Matériel informatique
pcg_6054,6054,Achats d’immobilisations de faible valeur : Matériel de communicat.
pcg_6058,6058,"Autres achats de matériels, d'équipements et de travaux"
pcg_607,607,Achats non stockés de matières et fournitures
pcg_6071,6071,Achat non stocké de carburant
pcg_6072,6072,Achat non stocké d'énergie et de force motrice (ateliers)
pcg_6073,6073,"Fournitures non stockées : Eau, Gaz & Electricité (bureaux)"
pcg_6074,6074,Fournitures administratives et de bureautique non stockées
pcg_6075,6075,Achats non stockés de fournitures d'atelier et de magasin
pcg_6076,6076,Achat non stocké de Tenues de travail et de sécurité
pcg_6078,6078,Achat : Autres fournitures consommables non stockées
pcg_608,608,Frais accessoires d’achat (inventaire intermittent)
pcg_609,609,"Rabais, remises, ristournes obtenus sur achats"
pcg_6090,6090,R.R.R Obtenus sur achats de marchandises
pcg_6091,6091,R.R.R Obtenus sur achats de matières premières
pcg_6092,6092,R.R.R Obtenus sur achats d’autres approvisionnements
pcg_6094,6094,R.R.R Obtenus sur achats sur études et prestations
pcg_6095,6095,R.R.R Obtenus sur achats de petits matériels et équipements
pcg_61,61,Services extérieurs
pcg_611,611,Sous-traitance générale
pcg_6111,6111,Sous traitance de spécialité
pcg_6112,6112,Sous traitance de capacité
pcg_6113,6113,Sous traitance de marché
pcg_613,613,Locations
pcg_6131,6131,Contrats de location-financement (en crédit-bail)
pcg_61311,61311,Locations immobilières : Redevance de crédit bail immobilier
pcg_61312,61312,Locations mobilières : Redevance de crédit bail mobilier
pcg_6137,6137,Malis sur emballages rendus
pcg_614,614,Charges locatives et charges de copropriété
pcg_6141,6141,Charges locatives d’immeubles
pcg_6142,6142,Charges de copropriété logements de fonction
pcg_6143,6143,Loyers garages et parking de stationnement de véhicules
pcg_6148,6148,Autres charges locatives
pcg_615,615,"Entretien, réparations et maintenance"
pcg_6151,6151,Entretien et réparation sur biens immobiliers
pcg_6152,6152,Entretien et réparation sur biens mobiliers
pcg_6156,6156,Maintenance
pcg_616,616,Primes d'assurances
pcg_6161,6161,Assurances multirisques professionnels
pcg_6162,6162,Assurances transport
pcg_6163,6163,Assurance responsabilité civile
pcg_6164,6164,Assurance catastrophe naturelle
pcg_6165,6165,Assurance couverture risque de Vie
pcg_6168,6168,Autres assurances
pcg_617,617,Etudes et recherches
pcg_6171,6171,Assistance technique
pcg_6178,6178,Autres frais d’études et de recherches
pcg_618,618,Documentation et divers
pcg_6181,6181,Documentation générale
pcg_6182,6182,"Abonnements aux Journaux, revues et JO/BOAL/BOMOP ...etc."
pcg_6183,6183,"Documentation technique (plans, schémas, maquettes, etc.)"
pcg_6184,6184,Frais de reprographie
pcg_6185,6185,Frais de soumissions et de marchés
pcg_6186,6186,Frais de conseils et assemblées
pcg_6187,6187,"Frais de colloques, séminaires et conférences"
pcg_619,619,"Rabais, remises, ristournes obtenus sur services extérieurs"
pcg_62,62,Autres services extérieurs
pcg_621,621,Personnel extérieur a l'entreprise
pcg_6211,6211,Personnel intérimaire
pcg_6212,6212,Charges de sécurité et de gardiennage
pcg_6213,6213,Charges de nettoyage et travaux d’insalubrité
pcg_6216,6216,Personnel détaché ou prêté à l’entreprise
pcg_622,622,Rémunérations d'intermédiaires et honoraires
pcg_6222,6222,Commissions sur ventes
pcg_6223,6223,Rémunération de consultants
pcg_6225,6225,Rémunération d’affacturage (factoring)
pcg_6226,6226,Honoraires (autres que ceux incorporés dans les coûts)
pcg_6227,6227,Frais d’actes et de contentieux
pcg_6228,6228,Autres rémunérations divers (non incorporables aux coûts)
pcg_623,623,"Publicité, publication, relations publiques"
pcg_6231,6231,Annonces et insertions
pcg_6232,6232,Echantillons
pcg_6233,6233,"Foires, expositions et festivités"
pcg_6234,6234,"Parrainage, Sponsoring et mécénat"
pcg_6235,6235,Cadeau à la clientèle
pcg_6236,6236,Catalogues et imprimés
pcg_6237,6237,Publications Autres publicités
pcg_6238,6238,Autres frais de relations publiques
pcg_624,624,Transports de biens et transport collectif du personnel
pcg_6241,6241,Transport sur ventes
pcg_6242,6242,Transport collectif du personnel
pcg_6243,6243,Transport entre établissements ou chantiers
pcg_6244,6244,Transport administratif
pcg_6248,6248,Autres transports divers
pcg_625,625,"Déplacements, missions et réceptions"
pcg_6251,6251,Voyages et déplacements à l’étranger
pcg_6252,6252,Frais de déménagement
pcg_6255,6255,Missions : intérieur du pays
pcg_62551,62551,Missions : intérieur du pays - Frais de voyage
pcg_62552,62552,Missions : intérieur du pays - Frais de séjour
pcg_6257,6257,Réceptions et hébergement
pcg_626,626,Frais postaux et de télécommunications
pcg_6261,6261,Affranchissement courrier
pcg_6262,6262,Abonnement boite postale
pcg_6263,6263,Abonnements et communications téléphonie mobile
pcg_6264,6264,Abonnement internet
pcg_6265,6265,Frais de télécommunication (fixe et fax)
pcg_627,627,Services bancaires et assimilés
pcg_6271,6271,Frais sur effets et sur titres
pcg_6272,6272,Commissions bancaires
pcg_6276,6276,Location de coffres
pcg_6278,6278,Autres frais et commissions bancaires
pcg_628,628,Cotisations et divers
pcg_6281,6281,Frais de recrutement de personnel
pcg_6282,6282,Frais de formation externe du personnel
pcg_6283,6283,Cotisations professionnelles
pcg_6284,6284,Droits de stationnement parking privé
pcg_6288,6288,Autres cotisations et dons courants divers
pcg_629,629,"Rabais, remises, ristournes obtenus sur autres services extérieurs"
pcg_63,63,Charges de personnel
pcg_631,631,Rémunérations du personnel
pcg_6311,6311,Traitements et Salaires
pcg_63111,63111,"Traitements, salaires et appointements"
pcg_63112,63112,Présalaires et indemnités de stage et d’apprentissage
pcg_63113,63113,Heures supplémentaires et IFSP
pcg_63114,63114,Congés payés
pcg_6312,6312,Primes
pcg_63121,63121,Prime de responsabilité
pcg_63122,63122,Prime de panier
pcg_63123,63123,Primes d’encouragement et de rendement individuel (PRI-PRC)
pcg_63124,63124,Primes sur résultats au profit des cadres dirigeants
pcg_63125,63125,Primes de véhicule
pcg_63126,63126,Prime de caisse et de bilan
pcg_63127,63127,Prime de sujétion
pcg_63128,63128,Primes spéciales
pcg_6313,6313,Indemnités
pcg_63131,63131,Indemnité d'Expérience professionnelle (I.E.P)
pcg_63132,63132,Indemnité de nuisance
pcg_63133,63133,Indemnité de travail posté
pcg_63134,63134,Indemnités de fin de carrière et de départ à la retraite (IDR – IFC)
pcg_63135,63135,Indemnités kilométriques et de transport
pcg_63138,63138,Autres Indemnités liées au salaire
pcg_6314,6314,Prestations directes
pcg_63141,63141,Bonifications
pcg_63142,63142,"Supplément familial : Prime de scolarité, IPSU, ICAF"
pcg_63148,63148,Autres indemnités et avantages divers
pcg_6315,6315,Avantages et prestations en nature
pcg_634,634,Rémunération de l'exploitant
pcg_635,635,Cotisations aux organismes sociaux
pcg_6351,6351,Cotisations de sécurité sociale – CNAS
pcg_6352,6352,Cotisations au FNPOS
pcg_6353,6353,Cotisations à la retraite – CNR
pcg_6354,6354,Cotisations aux mutuelles
pcg_6355,6355,Cotisations à la CACOBATPH
pcg_636,636,Cotisations sociales de l'exploitant
pcg_6361,6361,Cotisation annuelle à la CASNOS
pcg_6368,6368,Autres cotisations
pcg_637,637,Autres charges sociales
pcg_6374,6374,Versements aux œuvres sociales
pcg_6375,6375,Autres contributions sociales
pcg_638,638,Autres charges de personnel
pcg_6381,6381,Médecine du travail et pharmacie
pcg_6382,6382,Frais de formation et de perfectionnement du personnel (en interne)
pcg_6383,6383,Frais d’activités socioculturelles et sportives
pcg_6384,6384,Avantages en nature accordés au personnel
pcg_6385,6385,Médailles du mérite et Jubilé
pcg_6387,6387,"Intéressement, primes et avantages liés aux résultats"
pcg_6388,6388,Autres charges de personnel
pcg_64,64,"Impôts, Taxes et versements assimilés"
pcg_641,641,"Impôts, taxes et versements assimilés sur rémunérations"
pcg_6412,6412,Taxe d’apprentissage
pcg_6413,6413,Taxe sur la formation professionnelle
pcg_6418,6418,Autres taxes sur les salaires
pcg_642,642,Impôts et taxes non récupérables sur chiffre d’affaires
pcg_6421,6421,Taxe sur l’activité professionnelle – T.A.P. (sur les débits)
pcg_6422,6422,Taxe sur l’activité professionnelle – T.A.P. (sur encaissements)
pcg_645,645,Autres impôts et taxes (hors impôts sur les résultats)
pcg_6451,6451,Taxe foncière sur les propriétés bâties et non bâties
pcg_6452,6452,Taxes spéciales et droits d'accises
pcg_6453,6453,Taxe sur l’environnement (écotaxe)
pcg_6454,6454,Taxes sur les véhicules (Vignettes)
pcg_6455,6455,Droits de stationnement parking communal
pcg_6456,6456,Droits d’enregistrement sur actes et marchés
pcg_6457,6457,Droits de timbre
pcg_6458,6458,"Autres droits, impôts et taxes divers"
pcg_65,65,Autres charges opérationnelles
pcg_651,651,"Redevances pour concessions, brevets, licences, logiciels et valeurs similaires"
pcg_6511,6511,Redevances pour concessions
pcg_6512,6512,Redevances pour brevets et licences de fabrication
pcg_6516,6516,Redevances pour exploitation de logiciels et valeurs similaires
pcg_652,652,Moins values sur sortie d'actifs immobilisés non financiers
pcg_6521,6521,Moins value sur cession matériel et outillage
pcg_6522,6522,Moins value sur cession matériel de transport
pcg_6523,6523,Moins value sur cession mobilier et matériel de bureau
pcg_6528,6528,Moins value sur cession autres équipements et matériels
pcg_653,653,Jetons de présence
pcg_6531,6531,Jetons de présence aux administrateurs
pcg_654,654,Pertes sur créances irrécouvrables
pcg_6541,6541,Pertes sur créances de l'exercice
pcg_6542,6542,Pertes sur créances des exercices antérieurs
pcg_655,655,Quote-part de résultat sur opérations faites en commun
pcg_6551,6551,Quote-part de bénéfice transféré dans le cadre d'un GIE ou d'une SEP
pcg_6552,6552,Quote-part de perte supportée dans le cadre d'un GIE ou d'une SEP
pcg_656,656,"Amendes et pénalités, subventions accordées, dons et libéralités"
pcg_6562,6562,"Amendes et pénalités (pénales, fiscales et parafiscales)"
pcg_6563,6563,Subventions accordées
pcg_6566,6566,Dons et libéralités
pcg_657,657,Charges exceptionnelles de gestion courante
pcg_6571,6571,Ecart de stocks (négatif) de marchandises
pcg_6572,6572,"Ecart de stocks (négatif) de matières, fournitures et autres approvisionnements"
pcg_6575,6575,Rappel d’impôts (autre qu’IBS)
pcg_6578,6578,Autres charges exceptionnelles
pcg_658,658,Autres charges de gestion courante
pcg_6581,6581,Charges sur exercices antérieurs (en cours d'exercice)
pcg_6588,6588,Autres charges diverses de gestion courante
pcg_66,66,Charges financières
pcg_661,661,Charges d'intérêts
pcg_6611,6611,Intérêts des emprunts
pcg_6612,6612,Intérêts des dettes
pcg_6616,6616,Intérêts bancaires sur opérations de financement (découvert)
pcg_6618,6618,Intérêts des autres dettes
pcg_664,664,Pertes sur créances liées à des participations
pcg_665,665,Ecart d’évaluation sur actifs financiers - Moins-values
pcg_6651,6651,Mali provenant du rachat des actions propres
pcg_666,666,Pertes de change
pcg_667,667,Pertes nettes sur cessions d’actifs financiers
pcg_668,668,Autres charges financières
pcg_67,67,Eléments extraordinaires (Charges)
pcg_68,68,"Dotations aux amortissements, provisions et pertes de valeur"
pcg_681,681,"Dotations aux amortissements, provisions et pertes de valeur - actifs non courants"
pcg_6811,6811,DAP-PDV : Immobilisations incorporelles
pcg_6812,6812,DAP-PDV : Immobilisations corporelles
pcg_682,682,"Dotations aux amortissements, provisions et PDV des biens mis en concession"
pcg_685,685,Dotations aux provisions et pertes de valeurs – Actifs courants
pcg_6853,6853,Dotations pour pertes de valeurs sur stocks
pcg_6854,6854,Dotations pour pertes de valeurs sur créances
pcg_6855,6855,Dotation annuelle pour Indemnité de départ à la retraite et IFC
pcg_6856,6856,Dotations aux provisions pour pertes et charges – PNC
pcg_6858,6858,Dotations aux provisions – passifs courants
pcg_686,686,"Dotations aux amortissements, provisions et pertes de valeur, éléments financiers"
pcg_6861,6861,Dotations aux amortissements des primes de remboursement
pcg_6862,6862,Pertes de valeur des immobilisations financières
pcg_69,69,Impôts sur les résultats et assimilés
pcg_691,691,Participation des travailleurs aux bénéfices
pcg_692,692,Imposition différée actif – Produits
pcg_693,693,Imposition différée passif – Charges
pcg_695,695,Impôts sur les bénéfices basés sur le résultat des activités ordinaires
pcg_698,698,Autres impôts sur les résultats
pcg_7,7,CLASSE 7 : COMPTES DE PRODUITS
pcg_70,70,"Ventes de marchandises et de produits fabriqués, vente de   prestations de services et produits annexes"
pcg_700,700,Ventes de Marchandises
pcg_7001,7001,Marchandises (ou groupe) A
pcg_7002,7002,Marchandises (ou groupe) B
pcg_701,701,Ventes de produits finis
pcg_7011,7011,Ventes de Produit fini (ou groupe) – PF1
pcg_7012,7012,Ventes de Produit fini (ou groupe) – PF2
pcg_7013,7013,Ventes de Produit fini (ou groupe) – PF3
pcg_702,702,Ventes de produits intermédiaires
pcg_7021,7021,Ventes de Produits intermédiaires (ou groupe) – PI-1
pcg_7022,7022,Ventes de Produits intermédiaires (ou groupe) – PI-2
pcg_7028,7028,Ventes de sous produits (PR et accessoires fabriqués)
pcg_703,703,Ventes de produits résiduels
pcg_7031,7031,Ventes de déchets
pcg_7032,7032,Ventes de rebuts
pcg_7033,7033,Ventes de matières de récupération recyclables
pcg_704,704,Vente de travaux
pcg_7041,7041,Travaux hydrauliques
pcg_7042,7042,Travaux publics
pcg_7043,7043,Travaux de constructions de bâtiments
pcg_7044,7044,Travaux de restauration de sites et monuments
pcg_7045,7045,Travaux de VRD et d'assainissement
pcg_7046,7046,Travaux d'entretien et de nettoyage
pcg_7047,7047,Travaux forestiers
pcg_7048,7048,Autres travaux de réalisation
pcg_705,705,Vente d'études
pcg_7051,7051,Etudes : E1
pcg_7058,7058,Autres études techniques
pcg_706,706,Autres prestations de services
pcg_7061,7061,Prestations de services fournis : S1
pcg_7068,7068,Autres Prestations de services
pcg_708,708,Produits des activités annexes
pcg_7081,7081,Cession de matières premières
pcg_7082,7082,Cession d’autres approvisionnements
pcg_7086,7086,Bonis sur reprise d’emballages consignés
pcg_7088,7088,Autres produits des activités annexes
pcg_709,709,"Rabais, remises et ristournes accordés"
pcg_7092,7092,Réduction sur ventes – Hors factures
pcg_7093,7093,Réduction sur prestations – Hors factures
pcg_72,72,Production stockée ou déstockée
pcg_723,723,Variation de stocks d'encours
pcg_7233,7233,En-cours de production
pcg_7234,7234,En-cours d'études et de services
pcg_724,724,Variation de stocks de produits
pcg_7241,7241,Produits intermédiaires
pcg_7245,7245,Produits finis
pcg_7248,7248,Produits résiduels
pcg_729,729,Coût de la sous activité (différence d'imputation coût du chômage)
pcg_73,73,Production immobilisée
pcg_731,731,Production immobilisée d'actifs incorporels (logiciels)
pcg_732,732,Production immobilisée d'actifs corporels
pcg_74,74,Subventions d’exploitation
pcg_741,741,Subvention d'équilibre
pcg_748,748,Autres subventions d'exploitation
pcg_75,75,Autres produits opérationnels
pcg_751,751,"Redevances pour concessions, brevets, licences, logiciels et valeurs similaires"
pcg_7518,7518,Autres droits et valeurs similaires
pcg_752,752,Plus values sur sorties d’actifs immobilisés non financiers
pcg_7521,7521,Plus value sur cession d’éléments d’actifs mis à la réforme
pcg_7528,7528,Plus value sur autres éléments d’actifs corporels cédés
pcg_753,753,Jetons de présence et rémunérations d'administrateurs ou de gérant
pcg_7531,7531,Jetons de présence perçus
pcg_754,754,Quotes-parts de subventions d’investissement virées au résultat de l’exercice
pcg_755,755,Quote-part de résultat sur opérations faites en commun
pcg_7551,7551,Quote-part de perte transférée (dans les SEP et GIE)
pcg_7552,7552,Quote-part de bénéfice attribué (dans les SEP et GIE)
pcg_756,756,Rentrées sur créances amorties
pcg_757,757,Produits exceptionnels sur opérations de gestion
pcg_7571,7571,Ecart de stocks (positif) de marchandises
pcg_7572,7572,"Ecart de stocks (positif) de matières, fournitures et autres approvisionnements"
pcg_7575,7575,Dégrèvements d’impôts (autre qu’IBS)
pcg_7578,7578,Autres produits exceptionnels
pcg_758,758,Autres produits de gestion courante
pcg_7581,7581,Lots de bord et pièces de rechange gratuites
pcg_7582,7582,Remboursements sinistres et dégâts assurés
pcg_7583,7583,Revenus des immeubles de placement
pcg_7586,7586,Produits des exercices antérieurs (en cours d'exercice)
pcg_7588,7588,Autres produits divers de gestion courante
pcg_76,76,Produits financiers
pcg_761,761,Produits de participations
pcg_762,762,Revenus des actifs financiers
pcg_763,763,Revenus de créances
pcg_765,765,Ecart d’évaluation sur actifs financiers – Plus-values
pcg_766,766,Gains de change
pcg_767,767,Profits nets sur cessions d’actifs financiers
pcg_768,768,Autres produits financiers
pcg_77,77,Eléments extraordinaires (Produits)
pcg_78,78,Reprises sur pertes de valeurs et provisions
pcg_781,781,Reprise d'exploitation sur pertes de valeur et provisions - actifs non courants
pcg_7811,7811,Reprises sur amortissements : Immobilisations incorporelles
pcg_78111,78111,Reprises sur amortissements : Immobilisations incorporelles
pcg_78112,78112,Reprises sur perte de valeur : Immobilisations incorporelles
pcg_78113,78113,Reprises sur amortissements : Immobilisations corporelles
pcg_78114,78114,Reprises sur perte de valeur : Immobilisations corporelles
pcg_78115,78115,Reprises sur écarts de réévaluation : Immobilisations corporelles
pcg_78117,78117,Reprises sur plus values à réinvestir
pcg_7812,7812,Reprises sur perte de valeur : Immobilisations incorporelles
pcg_7813,7813,Reprises sur amortissements : Immobilisations corporelles
pcg_7814,7814,Reprises sur perte de valeur : Immobilisations corporelles
pcg_7815,7815,Reprises sur écarts de réévaluation : Immobilisations corporelles
pcg_7817,7817,Reprises sur plus values à réinvestir
pcg_785,785,Reprise d'exploitation sur pertes de valeur et provisions - actifs courants
pcg_7853,7853,Reprise sur pertes de valeurs – Stocks et encours
pcg_7854,7854,Reprise sur pertes de valeurs – Créances
pcg_7858,7858,Reprise sur provisions pour pertes et charges – PNC
pcg_786,786,Reprises financières sur pertes de valeur et provisions
